<object-stream>
  <control.Controller>
    <actionItemManager>
      <actionItemHashMap>
        <entry>
          <string>Java</string>
          <model.ActionItem>
            <actionItemName>Java</actionItemName>
            <description>Not Knowing</description>
            <resolution>Online Tutorials</resolution>
            <status>Closed</status>
            <dueDate>2022-04-01 00:00:00.0 IST</dueDate>
            <createdDate>2021-02-18 13:55:58.156 IST</createdDate>
            <memberName>A</memberName>
            <teamName>ABC</teamName>
            <assign></assign>
            <assignt></assignt>
          </model.ActionItem>
        </entry>
        <entry>
          <string>Bibek</string>
          <model.ActionItem>
            <actionItemName>Bibek</actionItemName>
            <description>Problem</description>
            <resolution>Solution</resolution>
            <status>Open</status>
            <dueDate>2030-12-12 00:00:00.0 IST</dueDate>
            <createdDate>2021-02-17 14:19:34.163 IST</createdDate>
            <memberName>A</memberName>
            <teamName>ABC</teamName>
            <assign></assign>
            <assignt></assignt>
          </model.ActionItem>
        </entry>
        <entry>
          <string>123456</string>
          <model.ActionItem>
            <actionItemName>123456</actionItemName>
            <description>ertuyiujn</description>
            <resolution>aetsrydtufygjb</resolution>
            <status>Closed</status>
            <dueDate>2030-03-11 00:00:00.0 IST</dueDate>
            <createdDate>2021-02-15 23:17:05.805 IST</createdDate>
            <memberName>A</memberName>
            <teamName>Della</teamName>
            <assign></assign>
            <assignt></assignt>
          </model.ActionItem>
        </entry>
        <entry>
          <string>Web Application</string>
          <model.ActionItem>
            <actionItemName>Web Application</actionItemName>
            <description>Doubts</description>
            <resolution>Group Discussion</resolution>
            <status>Closed</status>
            <dueDate>2021-03-19 00:00:00.0 IST</dueDate>
            <createdDate>2021-02-18 14:19:20.328 IST</createdDate>
            <memberName>Hari, Laxmi Pratha</memberName>
            <teamName>Della</teamName>
          </model.ActionItem>
        </entry>
      </actionItemHashMap>
      <editChangesPending>true</editChangesPending>
      <currentActionItem>
        <actionItemName></actionItemName>
        <description></description>
        <resolution></resolution>
        <status></status>
        <assign></assign>
        <assignt></assignt>
      </currentActionItem>
      <emptyActionItem reference="../currentActionItem"/>
    </actionItemManager>
  </control.Controller>
</object-stream>